<?xml version="1.0" encoding="UTF-8" ?>
<!DOCTYPE mapper PUBLIC "-//mybatis.org//DTD Mapper 3.0//EN" "http://mybatis.org/dtd/mybatis-3-mapper.dtd" >
<mapper namespace="com.sun.dao.InformationMapper">
    <resultMap id="BaseResultMap" type="com.sun.model.Information">
        <id column="id" property="id" jdbcType="INTEGER"/>
        <result column="user_id" property="userId" jdbcType="VARCHAR"/>
        <result column="type_id" property="typeId" jdbcType="INTEGER"/>
        <result column="location" property="location" jdbcType="VARCHAR"/>
        <result column="topic" property="topic" jdbcType="VARCHAR"/>
        <result column="content" property="content" jdbcType="VARCHAR"/>
        <result column="yn" property="yn" jdbcType="BIT"/>
        <result column="ts" property="ts" jdbcType="TIMESTAMP"/>
        <result column="createDate" property="createdate" jdbcType="TIMESTAMP"/>
        <result column="deleteDate" property="deletedate" jdbcType="TIMESTAMP"/>
    </resultMap>
    <resultMap id="BaseResultMapWithUserType" type="com.sun.model.Information">
        <id column="id" property="id" jdbcType="INTEGER"/>
        <result column="user_id" property="userId" jdbcType="VARCHAR"/>
        <result column="type_id" property="typeId" jdbcType="INTEGER"/>
        <result column="location" property="location" jdbcType="VARCHAR"/>
        <result column="topic" property="topic" jdbcType="VARCHAR"/>
        <result column="content" property="content" jdbcType="VARCHAR"/>
        <result column="yn" property="yn" jdbcType="BIT"/>
        <result column="ts" property="ts" jdbcType="TIMESTAMP"/>
        <result column="createDate" property="createdate" jdbcType="TIMESTAMP"/>
        <result column="deleteDate" property="deletedate" jdbcType="TIMESTAMP"/>
        <association property="user" javaType="com.sun.model.User">
            <id column="user_id" property="id"/>
            <result column="username" property="username"/>
            <result column="org_name" property="orgName"/>
        </association>
        <association property="typeInfo" javaType="com.sun.model.TypeInfo">
            <id column="type_id" property="id"/>
            <result column="name" property="name"/>
        </association>
    </resultMap>
    <sql id="Example_Where_Clause">
        <where>
            <foreach collection="oredCriteria" item="criteria" separator="or">
                <if test="criteria.valid">
                    <trim prefix="(" suffix=")" prefixOverrides="and">
                        <foreach collection="criteria.criteria" item="criterion">
                            <choose>
                                <when test="criterion.noValue">
                                    and ${criterion.condition}
                                </when>
                                <when test="criterion.singleValue">
                                    and ${criterion.condition} #{criterion.value}
                                </when>
                                <when test="criterion.betweenValue">
                                    and ${criterion.condition} #{criterion.value} and #{criterion.secondValue}
                                </when>
                                <when test="criterion.listValue">
                                    and ${criterion.condition}
                                    <foreach collection="criterion.value" item="listItem" open="(" close=")"
                                             separator=",">
                                        #{listItem}
                                    </foreach>
                                </when>
                            </choose>
                        </foreach>
                    </trim>
                </if>
            </foreach>
        </where>
    </sql>
    <sql id="Update_By_Example_Where_Clause">
        <where>
            <foreach collection="example.oredCriteria" item="criteria" separator="or">
                <if test="criteria.valid">
                    <trim prefix="(" suffix=")" prefixOverrides="and">
                        <foreach collection="criteria.criteria" item="criterion">
                            <choose>
                                <when test="criterion.noValue">
                                    and ${criterion.condition}
                                </when>
                                <when test="criterion.singleValue">
                                    and ${criterion.condition} #{criterion.value}
                                </when>
                                <when test="criterion.betweenValue">
                                    and ${criterion.condition} #{criterion.value} and #{criterion.secondValue}
                                </when>
                                <when test="criterion.listValue">
                                    and ${criterion.condition}
                                    <foreach collection="criterion.value" item="listItem" open="(" close=")"
                                             separator=",">
                                        #{listItem}
                                    </foreach>
                                </when>
                            </choose>
                        </foreach>
                    </trim>
                </if>
            </foreach>
        </where>
    </sql>
    <sql id="Base_Column_List">
    id, user_id, type_id, location, topic, content, yn, ts, createDate, deleteDate
  </sql>
    <sql id="Base_Column_List_With_User_Type">
    i.id, i.user_id, i.type_id, i.location, i.topic, i.content, i.yn, i.ts, i.createDate, i.deleteDate,u.username,u.org_name,t.name
  </sql>
    <select id="selectByExample" resultMap="BaseResultMap" parameterType="com.sun.model.InformationExample">
        select
        <if test="distinct">
            distinct
        </if>
        <include refid="Base_Column_List"/>
        from information
        <if test="_parameter != null">
            <include refid="Example_Where_Clause"/>
        </if>
        <if test="orderByClause != null">
            order by ${orderByClause}
        </if>
    </select>
    <select id="selectByPrimaryKey" resultMap="BaseResultMap" parameterType="java.lang.Integer">
        select
        <include refid="Base_Column_List"/>
        from information
        where id = #{id,jdbcType=INTEGER}
    </select>
    <select id="selectByExampleWithUserType" resultMap="BaseResultMapWithUserType" parameterType="com.sun.model.InformationExample">
        select
        <if test="distinct">
            distinct
        </if>
        <include refid="Base_Column_List_With_User_Type"/>
        from information i LEFT JOIN type_info t ON i.type_id=t.id LEFT JOIN user u ON i.user_id=u.id
        <if test="_parameter != null">
            <include refid="Example_Where_Clause"/>
        </if>
        <if test="orderByClause != null">
            order by ${orderByClause}
        </if>
    </select>
    <select id="selectByPrimaryKeyWithUserType" resultMap="BaseResultMapWithUserType" parameterType="java.lang.Integer">
        select
        <include refid="Base_Column_List_With_User_Type"/>
        from information i LEFT JOIN type_info t ON i.type_id=t.id LEFT JOIN user u ON i.user_id=u.id
        where i.id = #{id,jdbcType=INTEGER}
    </select>
    <delete id="deleteByPrimaryKey" parameterType="java.lang.Integer">
    delete from information
    where id = #{id,jdbcType=INTEGER}
  </delete>
    <delete id="deleteByExample" parameterType="com.sun.model.InformationExample">
        delete from information
        <if test="_parameter != null">
            <include refid="Example_Where_Clause"/>
        </if>
    </delete>
    <insert id="insert" parameterType="com.sun.model.Information">
    insert into information (id, user_id, type_id, 
      location, topic, content, 
      yn, ts, createDate, 
      deleteDate)
    values (#{id,jdbcType=INTEGER}, #{userId,jdbcType=VARCHAR}, #{typeId,jdbcType=INTEGER}, 
      #{location,jdbcType=VARCHAR}, #{topic,jdbcType=VARCHAR}, #{content,jdbcType=VARCHAR}, 
      #{yn,jdbcType=BIT}, #{ts,jdbcType=TIMESTAMP}, #{createdate,jdbcType=TIMESTAMP}, 
      #{deletedate,jdbcType=TIMESTAMP})
  </insert>
    <insert id="insertSelective" parameterType="com.sun.model.Information">
        insert into information
        <trim prefix="(" suffix=")" suffixOverrides=",">
            <if test="id != null">
                id,
            </if>
            <if test="userId != null">
                user_id,
            </if>
            <if test="typeId != null">
                type_id,
            </if>
            <if test="location != null">
                location,
            </if>
            <if test="topic != null">
                topic,
            </if>
            <if test="content != null">
                content,
            </if>
            <if test="yn != null">
                yn,
            </if>
            <if test="ts != null">
                ts,
            </if>
            <if test="createdate != null">
                createDate,
            </if>
            <if test="deletedate != null">
                deleteDate,
            </if>
        </trim>
        <trim prefix="values (" suffix=")" suffixOverrides=",">
            <if test="id != null">
                #{id,jdbcType=INTEGER},
            </if>
            <if test="userId != null">
                #{userId,jdbcType=VARCHAR},
            </if>
            <if test="typeId != null">
                #{typeId,jdbcType=INTEGER},
            </if>
            <if test="location != null">
                #{location,jdbcType=VARCHAR},
            </if>
            <if test="topic != null">
                #{topic,jdbcType=VARCHAR},
            </if>
            <if test="content != null">
                #{content,jdbcType=VARCHAR},
            </if>
            <if test="yn != null">
                #{yn,jdbcType=BIT},
            </if>
            <if test="ts != null">
                #{ts,jdbcType=TIMESTAMP},
            </if>
            <if test="createdate != null">
                #{createdate,jdbcType=TIMESTAMP},
            </if>
            <if test="deletedate != null">
                #{deletedate,jdbcType=TIMESTAMP},
            </if>
        </trim>
    </insert>
    <select id="countByExample" parameterType="com.sun.model.InformationExample" resultType="java.lang.Integer">
        select count(*) from information
        <if test="_parameter != null">
            <include refid="Example_Where_Clause"/>
        </if>
    </select>
    <update id="updateByExampleSelective" parameterType="map">
        update information
        <set>
            <if test="record.id != null">
                id = #{record.id,jdbcType=INTEGER},
            </if>
            <if test="record.userId != null">
                user_id = #{record.userId,jdbcType=VARCHAR},
            </if>
            <if test="record.typeId != null">
                type_id = #{record.typeId,jdbcType=INTEGER},
            </if>
            <if test="record.location != null">
                location = #{record.location,jdbcType=VARCHAR},
            </if>
            <if test="record.topic != null">
                topic = #{record.topic,jdbcType=VARCHAR},
            </if>
            <if test="record.content != null">
                content = #{record.content,jdbcType=VARCHAR},
            </if>
            <if test="record.yn != null">
                yn = #{record.yn,jdbcType=BIT},
            </if>
            <if test="record.ts != null">
                ts = #{record.ts,jdbcType=TIMESTAMP},
            </if>
            <if test="record.createdate != null">
                createDate = #{record.createdate,jdbcType=TIMESTAMP},
            </if>
            <if test="record.deletedate != null">
                deleteDate = #{record.deletedate,jdbcType=TIMESTAMP},
            </if>
        </set>
        <if test="_parameter != null">
            <include refid="Update_By_Example_Where_Clause"/>
        </if>
    </update>
    <update id="updateByExample" parameterType="map">
        update information
        set id = #{record.id,jdbcType=INTEGER},
        user_id = #{record.userId,jdbcType=VARCHAR},
        type_id = #{record.typeId,jdbcType=INTEGER},
        location = #{record.location,jdbcType=VARCHAR},
        topic = #{record.topic,jdbcType=VARCHAR},
        content = #{record.content,jdbcType=VARCHAR},
        yn = #{record.yn,jdbcType=BIT},
        ts = #{record.ts,jdbcType=TIMESTAMP},
        createDate = #{record.createdate,jdbcType=TIMESTAMP},
        deleteDate = #{record.deletedate,jdbcType=TIMESTAMP}
        <if test="_parameter != null">
            <include refid="Update_By_Example_Where_Clause"/>
        </if>
    </update>
    <update id="updateByPrimaryKeySelective" parameterType="com.sun.model.Information">
        update information
        <set>
            <if test="userId != null">
                user_id = #{userId,jdbcType=VARCHAR},
            </if>
            <if test="typeId != null">
                type_id = #{typeId,jdbcType=INTEGER},
            </if>
            <if test="location != null">
                location = #{location,jdbcType=VARCHAR},
            </if>
            <if test="topic != null">
                topic = #{topic,jdbcType=VARCHAR},
            </if>
            <if test="content != null">
                content = #{content,jdbcType=VARCHAR},
            </if>
            <if test="yn != null">
                yn = #{yn,jdbcType=BIT},
            </if>
            <if test="ts != null">
                ts = #{ts,jdbcType=TIMESTAMP},
            </if>
            <if test="createdate != null">
                createDate = #{createdate,jdbcType=TIMESTAMP},
            </if>
            <if test="deletedate != null">
                deleteDate = #{deletedate,jdbcType=TIMESTAMP},
            </if>
        </set>
        where id = #{id,jdbcType=INTEGER}
    </update>
    <update id="updateByPrimaryKey" parameterType="com.sun.model.Information">
    update information
    set user_id = #{userId,jdbcType=VARCHAR},
      type_id = #{typeId,jdbcType=INTEGER},
      location = #{location,jdbcType=VARCHAR},
      topic = #{topic,jdbcType=VARCHAR},
      content = #{content,jdbcType=VARCHAR},
      yn = #{yn,jdbcType=BIT},
      ts = #{ts,jdbcType=TIMESTAMP},
      createDate = #{createdate,jdbcType=TIMESTAMP},
      deleteDate = #{deletedate,jdbcType=TIMESTAMP}
    where id = #{id,jdbcType=INTEGER}
  </update>
</mapper>