<?xml version="1.0" encoding="UTF-8" ?>
<!DOCTYPE mapper PUBLIC "-//mybatis.org//DTD Mapper 3.0//EN" "http://mybatis.org/dtd/mybatis-3-mapper.dtd" >
<mapper namespace="com.sun.dao.UserMapper" >
  <resultMap id="BaseResultMap" type="com.sun.model.User" >
    <id column="id" property="id" jdbcType="VARCHAR" />
    <result column="username" property="username" jdbcType="VARCHAR" />
    <result column="type" property="type" jdbcType="VARCHAR" />
    <result column="org_name" property="orgName" jdbcType="VARCHAR" />
    <result column="yn" property="yn" jdbcType="BIT" />
    <result column="ts" property="ts" jdbcType="TIMESTAMP" />
    <result column="createDate" property="createdate" jdbcType="TIMESTAMP" />
    <result column="deleteDate" property="deletedate" jdbcType="TIMESTAMP" />
  </resultMap>
  <sql id="Example_Where_Clause" >
    <where >
      <foreach collection="oredCriteria" item="criteria" separator="or" >
        <if test="criteria.valid" >
          <trim prefix="(" suffix=")" prefixOverrides="and" >
            <foreach collection="criteria.criteria" item="criterion" >
              <choose >
                <when test="criterion.noValue" >
                  and ${criterion.condition}
                </when>
                <when test="criterion.singleValue" >
                  and ${criterion.condition} #{criterion.value}
                </when>
                <when test="criterion.betweenValue" >
                  and ${criterion.condition} #{criterion.value} and #{criterion.secondValue}
                </when>
                <when test="criterion.listValue" >
                  and ${criterion.condition}
                  <foreach collection="criterion.value" item="listItem" open="(" close=")" separator="," >
                    #{listItem}
                  </foreach>
                </when>
              </choose>
            </foreach>
          </trim>
        </if>
      </foreach>
    </where>
  </sql>
  <sql id="Update_By_Example_Where_Clause" >
    <where >
      <foreach collection="example.oredCriteria" item="criteria" separator="or" >
        <if test="criteria.valid" >
          <trim prefix="(" suffix=")" prefixOverrides="and" >
            <foreach collection="criteria.criteria" item="criterion" >
              <choose >
                <when test="criterion.noValue" >
                  and ${criterion.condition}
                </when>
                <when test="criterion.singleValue" >
                  and ${criterion.condition} #{criterion.value}
                </when>
                <when test="criterion.betweenValue" >
                  and ${criterion.condition} #{criterion.value} and #{criterion.secondValue}
                </when>
                <when test="criterion.listValue" >
                  and ${criterion.condition}
                  <foreach collection="criterion.value" item="listItem" open="(" close=")" separator="," >
                    #{listItem}
                  </foreach>
                </when>
              </choose>
            </foreach>
          </trim>
        </if>
      </foreach>
    </where>
  </sql>
  <sql id="Base_Column_List" >
    id, username, type, org_name, yn, ts, createDate, deleteDate
  </sql>
  <select id="selectByExample" resultMap="BaseResultMap" parameterType="com.sun.model.UserExample" >
    select
    <if test="distinct" >
      distinct
    </if>
    <include refid="Base_Column_List" />
    from user
    <if test="_parameter != null" >
      <include refid="Example_Where_Clause" />
    </if>
    <if test="orderByClause != null" >
      order by ${orderByClause}
    </if>
  </select>
  <select id="selectByPrimaryKey" resultMap="BaseResultMap" parameterType="java.lang.String" >
    select 
    <include refid="Base_Column_List" />
    from user
    where id = #{id,jdbcType=VARCHAR}
  </select>
  <delete id="deleteByPrimaryKey" parameterType="java.lang.String" >
    delete from user
    where id = #{id,jdbcType=VARCHAR}
  </delete>
  <delete id="deleteByExample" parameterType="com.sun.model.UserExample" >
    delete from user
    <if test="_parameter != null" >
      <include refid="Example_Where_Clause" />
    </if>
  </delete>
  <insert id="insert" parameterType="com.sun.model.User" >
    insert into user (id, username, type, 
      org_name, yn, ts, createDate, 
      deleteDate)
    values (#{id,jdbcType=VARCHAR}, #{username,jdbcType=VARCHAR}, #{type,jdbcType=VARCHAR}, 
      #{orgName,jdbcType=VARCHAR}, #{yn,jdbcType=BIT}, #{ts,jdbcType=TIMESTAMP}, #{createdate,jdbcType=TIMESTAMP}, 
      #{deletedate,jdbcType=TIMESTAMP})
  </insert>
  <insert id="insertSelective" parameterType="com.sun.model.User" >
    insert into user
    <trim prefix="(" suffix=")" suffixOverrides="," >
      <if test="id != null" >
        id,
      </if>
      <if test="username != null" >
        username,
      </if>
      <if test="type != null" >
        type,
      </if>
      <if test="orgName != null" >
        org_name,
      </if>
      <if test="yn != null" >
        yn,
      </if>
      <if test="ts != null" >
        ts,
      </if>
      <if test="createdate != null" >
        createDate,
      </if>
      <if test="deletedate != null" >
        deleteDate,
      </if>
    </trim>
    <trim prefix="values (" suffix=")" suffixOverrides="," >
      <if test="id != null" >
        #{id,jdbcType=VARCHAR},
      </if>
      <if test="username != null" >
        #{username,jdbcType=VARCHAR},
      </if>
      <if test="type != null" >
        #{type,jdbcType=VARCHAR},
      </if>
      <if test="orgName != null" >
        #{orgName,jdbcType=VARCHAR},
      </if>
      <if test="yn != null" >
        #{yn,jdbcType=BIT},
      </if>
      <if test="ts != null" >
        #{ts,jdbcType=TIMESTAMP},
      </if>
      <if test="createdate != null" >
        #{createdate,jdbcType=TIMESTAMP},
      </if>
      <if test="deletedate != null" >
        #{deletedate,jdbcType=TIMESTAMP},
      </if>
    </trim>
  </insert>
  <select id="countByExample" parameterType="com.sun.model.UserExample" resultType="java.lang.Integer" >
    select count(*) from user
    <if test="_parameter != null" >
      <include refid="Example_Where_Clause" />
    </if>
  </select>
  <update id="updateByExampleSelective" parameterType="map" >
    update user
    <set >
      <if test="record.id != null" >
        id = #{record.id,jdbcType=VARCHAR},
      </if>
      <if test="record.username != null" >
        username = #{record.username,jdbcType=VARCHAR},
      </if>
      <if test="record.type != null" >
        type = #{record.type,jdbcType=VARCHAR},
      </if>
      <if test="record.orgName != null" >
        org_name = #{record.orgName,jdbcType=VARCHAR},
      </if>
      <if test="record.yn != null" >
        yn = #{record.yn,jdbcType=BIT},
      </if>
      <if test="record.ts != null" >
        ts = #{record.ts,jdbcType=TIMESTAMP},
      </if>
      <if test="record.createdate != null" >
        createDate = #{record.createdate,jdbcType=TIMESTAMP},
      </if>
      <if test="record.deletedate != null" >
        deleteDate = #{record.deletedate,jdbcType=TIMESTAMP},
      </if>
    </set>
    <if test="_parameter != null" >
      <include refid="Update_By_Example_Where_Clause" />
    </if>
  </update>
  <update id="updateByExample" parameterType="map" >
    update user
    set id = #{record.id,jdbcType=VARCHAR},
      username = #{record.username,jdbcType=VARCHAR},
      type = #{record.type,jdbcType=VARCHAR},
      org_name = #{record.orgName,jdbcType=VARCHAR},
      yn = #{record.yn,jdbcType=BIT},
      ts = #{record.ts,jdbcType=TIMESTAMP},
      createDate = #{record.createdate,jdbcType=TIMESTAMP},
      deleteDate = #{record.deletedate,jdbcType=TIMESTAMP}
    <if test="_parameter != null" >
      <include refid="Update_By_Example_Where_Clause" />
    </if>
  </update>
  <update id="updateByPrimaryKeySelective" parameterType="com.sun.model.User" >
    update user
    <set >
      <if test="username != null" >
        username = #{username,jdbcType=VARCHAR},
      </if>
      <if test="type != null" >
        type = #{type,jdbcType=VARCHAR},
      </if>
      <if test="orgName != null" >
        org_name = #{orgName,jdbcType=VARCHAR},
      </if>
      <if test="yn != null" >
        yn = #{yn,jdbcType=BIT},
      </if>
      <if test="ts != null" >
        ts = #{ts,jdbcType=TIMESTAMP},
      </if>
      <if test="createdate != null" >
        createDate = #{createdate,jdbcType=TIMESTAMP},
      </if>
      <if test="deletedate != null" >
        deleteDate = #{deletedate,jdbcType=TIMESTAMP},
      </if>
    </set>
    where id = #{id,jdbcType=VARCHAR}
  </update>
  <update id="updateByPrimaryKey" parameterType="com.sun.model.User" >
    update user
    set username = #{username,jdbcType=VARCHAR},
      type = #{type,jdbcType=VARCHAR},
      org_name = #{orgName,jdbcType=VARCHAR},
      yn = #{yn,jdbcType=BIT},
      ts = #{ts,jdbcType=TIMESTAMP},
      createDate = #{createdate,jdbcType=TIMESTAMP},
      deleteDate = #{deletedate,jdbcType=TIMESTAMP}
    where id = #{id,jdbcType=VARCHAR}
  </update>
</mapper>